cena	pt	zh
1	Buenas, tchê!	朋友们好啊！
1	Seja bem-vindo ao meu galpão,	欢迎来到我的牧场小屋，
1	aqui no coração dos pampas, no Rio Grande do Sul.	这里是巴西南里奥格兰德州，潘帕斯草原的中心。
1	Eu sou o Seu Valdir,	我是瓦尔迪尔大叔，
1	e faz mais de quarenta anos que eu cuido do fogo de churrasco.	烤肉这团火，我已经守了四十多年。
2	E hoje eu vou te ensinar a fazer a rainha do churrasco brasileiro:	今天我要教你做巴西烤肉的"女王"——
2	a picanha.	臀盖肉（Picanha）。
2	Então pega teu chimarrão, te acomoda,	端上你的马黛茶，坐舒服了，
2	que a prosa vai ser boa.	咱们好好聊聊。
3	Tudo começa no açougue.	一切从肉铺开始。
3	A picanha boa pesa entre um quilo e um quilo e quatrocentos.	好的臀盖肉，重量在1到1.4公斤之间。
3	Mais do que isso, bah, já veio pedaço de alcatra junto.	再重的话，哎呀，就连着别的部位一起切下来了。
3	Olha essa capa de gordura:	看这层脂肪：
3	tem que ter a grossura de um dedo, branquinha e firme.	要有一指厚，洁白又紧实。
3	É ela que dá o sabor e deixa a carne suculenta.	风味和多汁，全靠它。
3	Nunca, jamais, tira essa gordura!	千万千万，别把这层脂肪去掉！
4	Agora, o fogo.	接下来，生火。
4	Aqui no Sul a gente usa lenha, ou um carvão de qualidade.	我们南方人用木柴，或者好一点的木炭。
4	Acende com calma e espera.	慢慢点火，然后耐心等。
4	O segredo do churrasqueiro é paciência:	烤肉师傅的秘诀就是耐心：
4	carne não se assa na chama, se assa na brasa.	肉不是用火焰烤，而是用炭火烤。
4	Quando o carvão estiver coberto por uma cinza branquinha,	等木炭表面盖上一层白灰，
4	aí sim, tá pronto.	这才算好了。
5	Um truque antigo:	教你个老办法：
5	coloca a mão na altura onde vai ficar a carne.	把手放在肉要摆的那个高度。
5	Se tu aguentar uns cinco, seis segundos,	如果能坚持五六秒，
5	o fogo tá no ponto certo.	火候就刚刚好。
6	Voltemos à picanha.	回到臀盖肉。
6	Eu corto ela em bifes bem grossos, da largura de três dedos,	我把它切成三指宽的厚块，
6	sempre a favor da fibra.	一定要顺着纹理切。
6	Assim, na hora de servir, a gente fatia contra a fibra	这样上桌的时候，再逆着纹理切片，
6	e a carne fica macia que é uma barbaridade.	肉就嫩得不得了。
7	Agora dobra o bife em forma de meia-lua, com a gordura para fora,	现在把肉块弯成半月形，脂肪朝外，
7	e passa o espeto bem no meio.	用烤扦从中间穿过去。
7	Olha que beleza, parece uma ferradura!	看多漂亮，像个马蹄铁！
8	E o tempero? Sal grosso.	调料呢？粗盐。
8	Só isso, tchê. Carne boa não precisa de mais nada.	就这么简单，朋友。好肉不需要别的。
8	Espalha bem por todos os lados, sem medo.	每一面都撒匀，别手软。
9	Leva pra churrasqueira, primeiro bem alto, longe da brasa.	放上烤架，先放高一点，离炭火远些。
9	Deixa uns vinte e cinco minutos,	烤大约二十五分钟，
9	para a gordura ir derretendo devagarinho e escorrendo pela carne.	让脂肪慢慢融化，渗进肉里。
9	Esse é o momento de ter calma.	这时候千万别急。
10	Enquanto isso, um mate.	趁这功夫，喝口马黛茶。
10	Churrasco, pra gaúcho, não é só comida:	对我们高乔人来说，烤肉不只是吃的：
10	é reunir a família, os amigos,	是把家人、朋友聚在一起，
10	e jogar conversa fora em volta do fogo.	围着火堆天南地北地聊。
11	Passado o tempo, baixa o espeto pra perto da brasa,	时间到了，把烤扦降到靠近炭火的位置，
11	uns cinco minutinhos de cada lado,	每面烤五分钟左右，
11	pra dourar e fazer aquela casquinha.	烤出金黄酥脆的外皮。
11	Antes de tirar, bate o espeto com as costas da faca,	取下之前，用刀背敲敲烤扦，
11	pra cair o excesso de sal.	把多余的盐抖掉。
12	Agora a hora mais esperada.	现在，最期待的时刻到了。
12	Na tábua, fatia bem fininho, contra a fibra.	放在砧板上，逆着纹理切成薄片。
12	Olha só essa cor: douradinha por fora, rosada por dentro,	看这颜色：外面金黄，里面粉嫩，
12	e o suco escorrendo.	肉汁直往外流。
12	Isso aqui é ponto de gaúcho!	这就是高乔人的火候！
13	Serve com pão, farofa e uma salada fresca,	配上面包、炒木薯粉和新鲜沙拉，
13	e chama a gurizada pra mesa.	招呼孩子们来吃饭啦！
14	Gostou, tchê?	喜欢吗，朋友？
14	Então deixa teu joinha, tua moedinha e salva o vídeo,	那就点赞、投币、收藏，一键三连！
14	que no próximo eu te ensino a fazer uma costela fogo de chão.	下期我教你做地火烤牛肋排。
14	Um quebra-costela e até a próxima!	给你一个大大的拥抱，下期见！
